{
	"credit": "Made with Blockbench",
	"parent": "block/block",
	"elements": [
		{
			"from": [0, 15, 0],
			"to": [16, 16, 16],
			"faces": {
				"north": {"uv": [0, 0, 16, 1], "texture": "#texture", "cullface": "north"},
				"east": {"uv": [0, 0, 16, 1], "texture": "#texture", "cullface": "east"},
				"south": {"uv": [0, 0, 16, 1], "texture": "#texture", "cullface": "south"},
				"west": {"uv": [0, 0, 16, 1], "texture": "#texture", "cullface": "west"},
				"up": {"uv": [0, 0, 16, 16], "texture": "#texture", "cullface": "up"},
				"down": {"uv": [0, 0, 16, 16], "texture": "#texture", "cullface": "down"}
			}
		}
	],
	"format_version": "1.21.6"
}